{
  "Single_No_Dropout": {
    "train_losses": [
      0.35800538251776176,
      0.1598077707929906,
      0.11112260209646688,
      0.09037151970048703,
      0.07373758447942322,
      0.06290927668139815,
      0.05548123662064134,
      0.05044857398775627,
      0.04363040305000902,
      0.04057812341538542,
      0.03522476018108586,
      0.03246324922966916,
      0.028121723751249567,
      0.02621402767330988,
      0.026073389198642962
    ],
    "train_acc": [
      89.26,
      95.35666666666667,
      96.68,
      97.28,
      97.69666666666667,
      98.02666666666667,
      98.24666666666667,
      98.35333333333334,
      98.56833333333333,
      98.65666666666667,
      98.85666666666667,
      98.94666666666667,
      99.085,
      99.14666666666666,
      99.11833333333334
    ],
    "test_acc": 96.88,
    "test_loss": 0.12005501537829862,
    "training_time": 156.08938455581665
  },
  "Single_With_Dropout": {
    "train_losses": [
      0.39502681915693955,
      0.197645029454216,
      0.15231640309667283,
      0.12546703831028583,
      0.110884985737582,
      0.10178962312162176,
      0.0927535655544892,
      0.08756041845310726,
      0.08080039864211384,
      0.08014697868670863,
      0.07489864249775277,
      0.07251453525754117,
      0.06695983303127004,
      0.06376222731954635,
      0.06132153423924023
    ],
    "train_acc": [
      88.06,
      94.09166666666667,
      95.385,
      96.20666666666666,
      96.60666666666667,
      96.82166666666667,
      97.09166666666667,
      97.27333333333333,
      97.43833333333333,
      97.42333333333333,
      97.58,
      97.72166666666666,
      97.85,
      97.87,
      97.95166666666667
    ],
    "test_acc": 97.89,
    "test_loss": 0.06877394029362233,
    "training_time": 167.1057050228119
  },
  "Multi_No_Dropout": {
    "train_losses": [
      0.37229643282351466,
      0.1504126377681743,
      0.10542711939638866,
      0.0886573375824259,
      0.07019976823966005,
      0.06045928594769477,
      0.0534591629757667,
      0.046449149223064375,
      0.04313023494772995,
      0.03942936029595964,
      0.0377531998268545,
      0.03377713109882894,
      0.03140925310975584,
      0.027709018451961945,
      0.026183124384788203
    ],
    "train_acc": [
      88.31833333333333,
      95.34666666666666,
      96.74833333333333,
      97.21166666666667,
      97.71166666666667,
      98.18,
      98.25833333333334,
      98.48166666666667,
      98.59333333333333,
      98.69,
      98.74,
      98.89166666666667,
      98.99333333333334,
      99.08333333333333,
      99.09
    ],
    "test_acc": 97.78,
    "test_loss": 0.085483821221162,
    "training_time": 167.54998326301575
  },
  "Multi_With_Dropout": {
    "train_losses": [
      0.4771709348728408,
      0.22492546917819012,
      0.18327663080302128,
      0.15905436676448342,
      0.14418256086613068,
      0.13271974552192414,
      0.12525583964500472,
      0.11422536669890763,
      0.11035266578165707,
      0.10436714124847958,
      0.09935990426697329,
      0.09523491800697183,
      0.09397721515972414,
      0.08941506497712849,
      0.08696412584428657
    ],
    "train_acc": [
      84.94,
      93.2,
      94.59,
      95.36333333333333,
      95.78833333333333,
      96.06666666666666,
      96.15333333333334,
      96.51833333333333,
      96.72,
      96.89,
      97.00833333333334,
      97.17333333333333,
      97.23833333333333,
      97.325,
      97.33
    ],
    "test_acc": 97.98,
    "test_loss": 0.07302022629351719,
    "training_time": 179.62376999855042
  }
}