{
  "Single_No_Dropout": {
    "train_losses": [
      0.490542830847728,
      0.37172585242846884,
      0.32953038401822293,
      0.3056732380885814,
      0.2836149969080618,
      0.2685910435214734,
      0.25408777886870576,
      0.24740382388774265,
      0.2324346830881735,
      0.22071249760798553,
      0.21298877419884016,
      0.20155965937162512,
      0.19323833807826296,
      0.18767075046801618,
      0.1785024037080279
    ],
    "train_acc": [
      82.41333333333333,
      86.34666666666666,
      87.88166666666666,
      88.64833333333333,
      89.53666666666666,
      90.00333333333333,
      90.535,
      90.94833333333334,
      91.24,
      91.705,
      92.12166666666667,
      92.47833333333334,
      92.85333333333334,
      92.84833333333333,
      93.38333333333334
    ],
    "test_acc": 88.38,
    "test_loss": 0.3723772424685804,
    "training_time": 164.13524889945984
  },
  "Single_With_Dropout": {
    "train_losses": [
      0.5252234126204876,
      0.39964113830884634,
      0.36818502427164174,
      0.34573849231830794,
      0.32920749081985784,
      0.31700612347263263,
      0.30683738555608275,
      0.2983016562995626,
      0.2880216741295003,
      0.2790858819921896,
      0.2775504452142634,
      0.2672633365876893,
      0.2642604328358351,
      0.25690304632507155,
      0.2513612666046187
    ],
    "train_acc": [
      81.06666666666666,
      85.27833333333334,
      86.43666666666667,
      87.30333333333333,
      87.84833333333333,
      88.27,
      88.65666666666667,
      89.00166666666667,
      89.32833333333333,
      89.63333333333334,
      89.70666666666666,
      90.06166666666667,
      90.245,
      90.41,
      90.62333333333333
    ],
    "test_acc": 88.95,
    "test_loss": 0.32764459901218174,
    "training_time": 171.6513614654541
  },
  "Multi_No_Dropout": {
    "train_losses": [
      0.526168349709338,
      0.37050510466352965,
      0.3339343008392655,
      0.30568120944728727,
      0.2880725655665021,
      0.27069844394477444,
      0.25221775522999673,
      0.24097860995322656,
      0.2297068430480164,
      0.21801488808413813,
      0.20675623374008167,
      0.19471062592733135,
      0.1858348966057875,
      0.18144081650512306,
      0.16853855054642855
    ],
    "train_acc": [
      80.79666666666667,
      86.46,
      87.60166666666667,
      88.67333333333333,
      89.24666666666667,
      89.83166666666666,
      90.56166666666667,
      90.91333333333333,
      91.44166666666666,
      91.79333333333334,
      92.22833333333334,
      92.60333333333334,
      92.89166666666667,
      93.11333333333333,
      93.675
    ],
    "test_acc": 88.68,
    "test_loss": 0.35565438683298006,
    "training_time": 171.03245735168457
  },
  "Multi_With_Dropout": {
    "train_losses": [
      0.6038080406214382,
      0.4381342072095444,
      0.40114051488035524,
      0.3772388011026484,
      0.3633479089942822,
      0.3468388289149636,
      0.33674124083412227,
      0.3294461088648229,
      0.3182719343824427,
      0.3110708976224033,
      0.3013355880816862,
      0.29821637609620083,
      0.28884371025348776,
      0.2851180155267085,
      0.28286316428484437
    ],
    "train_acc": [
      78.04833333333333,
      84.22333333333333,
      85.555,
      86.40166666666667,
      86.89333333333333,
      87.53166666666667,
      87.86166666666666,
      87.91,
      88.44,
      88.7,
      88.895,
      89.13,
      89.35166666666667,
      89.59166666666667,
      89.64333333333333
    ],
    "test_acc": 88.43,
    "test_loss": 0.32703220764104324,
    "training_time": 182.16908431053162
  }
}