{
  "Single_No_Dropout": {
    "train_losses": [
      0.35411192654673734,
      0.16082624871053422,
      0.11437658257464738,
      0.08899846313588781,
      0.07381354712609098,
      0.06383483910730589,
      0.05638934507854839,
      0.04886082561015447,
      0.04289030081340309,
      0.03890786563624134,
      0.033956353014994306,
      0.029873371464825833,
      0.03179755198683883,
      0.026774114767051757,
      0.02430670566833032
    ],
    "train_acc": [
      89.56666666666666,
      95.315,
      96.60166666666667,
      97.29333333333334,
      97.70333333333333,
      98.00666666666666,
      98.21,
      98.435,
      98.61166666666666,
      98.73,
      98.86666666666666,
      98.94833333333334,
      98.93333333333334,
      99.065,
      99.14
    ],
    "test_acc": 97.03,
    "test_loss": 0.10868640076844287,
    "training_time": 163.3719985485077
  },
  "Single_With_Dropout": {
    "train_losses": [
      0.39402016825767466,
      0.19801369100523147,
      0.1481352032406498,
      0.12914936748474265,
      0.11275725003117437,
      0.10281359263733506,
      0.09456089115552684,
      0.08670131365921516,
      0.08315752832087944,
      0.07747879531433079,
      0.07277841306229962,
      0.06978604605278449,
      0.0662787682426446,
      0.06611458205484919,
      0.06312732120701817
    ],
    "train_acc": [
      88.17666666666666,
      94.095,
      95.56166666666667,
      96.18,
      96.59333333333333,
      96.82833333333333,
      97.04166666666667,
      97.32333333333334,
      97.38166666666666,
      97.52333333333333,
      97.69666666666667,
      97.76833333333333,
      97.87833333333333,
      97.84333333333333,
      97.90833333333333
    ],
    "test_acc": 97.91,
    "test_loss": 0.07496282106119077,
    "training_time": 169.3964831829071
  },
  "Multi_No_Dropout": {
    "train_losses": [
      0.36660314791365217,
      0.14931220934589282,
      0.1073700962647764,
      0.08533231503884199,
      0.07613743765990554,
      0.06518967818619727,
      0.05463478594982643,
      0.04811079628211555,
      0.04701513842245671,
      0.039213749543596896,
      0.038472158818948526,
      0.03438222807234348,
      0.030750526957757977,
      0.03045166148044574,
      0.024672823225724887
    ],
    "train_acc": [
      88.70666666666666,
      95.41333333333333,
      96.71166666666667,
      97.295,
      97.53333333333333,
      97.93666666666667,
      98.21833333333333,
      98.455,
      98.46833333333333,
      98.68,
      98.73833333333333,
      98.865,
      98.97,
      98.99666666666667,
      99.17166666666667
    ],
    "test_acc": 97.86,
    "test_loss": 0.07958576764316534,
    "training_time": 172.6704592704773
  },
  "Multi_With_Dropout": {
    "train_losses": [
      0.4748644824030557,
      0.23059920143725268,
      0.18316812345436387,
      0.16324351422949387,
      0.1456798131047472,
      0.1379784243320351,
      0.1272388452024602,
      0.11677959085757862,
      0.11222856621275833,
      0.10427601774459455,
      0.1014355720519257,
      0.09230846174553767,
      0.09263174144078547,
      0.09020247854697488,
      0.08984122238656096
    ],
    "train_acc": [
      85.125,
      93.15666666666667,
      94.51333333333334,
      95.21,
      95.65,
      95.83166666666666,
      96.27666666666667,
      96.46,
      96.60833333333333,
      96.83166666666666,
      96.97833333333334,
      97.24166666666666,
      97.18666666666667,
      97.23333333333333,
      97.22333333333333
    ],
    "test_acc": 97.66,
    "test_loss": 0.08001310020446471,
    "training_time": 185.41903805732727
  }
}