{
  "Single_No_Dropout": {
    "train_losses": [
      0.4913598670443492,
      0.3743055027240375,
      0.3333395546687437,
      0.3091200102112695,
      0.2867697730723983,
      0.2700437637153211,
      0.256936015636682,
      0.2432533432679898,
      0.2315313217958916,
      0.2195401752173011,
      0.2125249500753783,
      0.20123345376268378,
      0.19638376691734105,
      0.18283117276582636,
      0.17620283633724712
    ],
    "train_acc": [
      82.31333333333333,
      86.36,
      87.89,
      88.51,
      89.225,
      90.01,
      90.39333333333333,
      90.91,
      91.425,
      91.73666666666666,
      92.05666666666667,
      92.475,
      92.615,
      93.17833333333333,
      93.45666666666666
    ],
    "test_acc": 88.23,
    "test_loss": 0.36006570730028276,
    "training_time": 163.74644017219543
  },
  "Single_With_Dropout": {
    "train_losses": [
      0.5201844280081263,
      0.4035906312562255,
      0.36796822390957934,
      0.34628410017820815,
      0.3330497469411476,
      0.3168985686703786,
      0.3058190727030545,
      0.2970504762966241,
      0.2877918446559642,
      0.2824134590274998,
      0.2738529159061944,
      0.2666220517872747,
      0.25910228028543975,
      0.25366824885993117,
      0.24791640794671166
    ],
    "train_acc": [
      81.18333333333334,
      85.285,
      86.57833333333333,
      87.24166666666666,
      87.685,
      88.38666666666667,
      88.75833333333334,
      88.97333333333333,
      89.38666666666667,
      89.66166666666666,
      89.91166666666666,
      90.16666666666667,
      90.33833333333334,
      90.48,
      90.815
    ],
    "test_acc": 88.32,
    "test_loss": 0.33991681708942484,
    "training_time": 172.2252058982849
  },
  "Multi_No_Dropout": {
    "train_losses": [
      0.5186346719768256,
      0.3733609862673257,
      0.3319485546238641,
      0.3080096627667006,
      0.28755703473141964,
      0.27016952697402125,
      0.255206688555446,
      0.24349725916822837,
      0.22902772397692525,
      0.2180661002932581,
      0.20973244476229397,
      0.20026816502372338,
      0.19036136019522193,
      0.1805605225280912,
      0.16914874600417323
    ],
    "train_acc": [
      80.92166666666667,
      86.28166666666667,
      87.72166666666666,
      88.65333333333334,
      89.16,
      89.88333333333334,
      90.42,
      90.805,
      91.335,
      91.81333333333333,
      92.07333333333334,
      92.41,
      92.73666666666666,
      93.115,
      93.59666666666666
    ],
    "test_acc": 88.74,
    "test_loss": 0.37158880599691896,
    "training_time": 171.95796847343445
  },
  "Multi_With_Dropout": {
    "train_losses": [
      0.6064612554080451,
      0.4398471222503353,
      0.40058323801326345,
      0.376190382375646,
      0.3640127301788025,
      0.3484975660025184,
      0.3391500239623889,
      0.326743733940094,
      0.31656725841290406,
      0.30733280528837176,
      0.3000326913429984,
      0.2993652017703697,
      0.29508941334638517,
      0.2845071734332327,
      0.2815580953921336
    ],
    "train_acc": [
      77.80833333333334,
      84.15166666666667,
      85.63666666666667,
      86.48333333333333,
      86.825,
      87.425,
      87.82333333333334,
      88.115,
      88.51166666666667,
      88.80666666666667,
      88.90333333333334,
      89.09333333333333,
      89.15166666666667,
      89.575,
      89.71
    ],
    "test_acc": 88.27,
    "test_loss": 0.32249976194734814,
    "training_time": 181.66713118553162
  }
}